# index, node_type, node_subtype, name, _pos
0,PHARYNX,,I1L,"array([11.14886065,  3.61763682])"
1,PHARYNX,,I1R,"array([11.81394911,  4.28324381])"
2,PHARYNX,,I2L,"array([10.78914723,  3.31356832])"
3,PHARYNX,,I2R,"array([11.99759537,  4.4345624 ])"
4,PHARYNX,,I3,"array([11.53407822,  4.79425201])"
5,PHARYNX,,I4,"array([10.67485935,  3.88832254])"
6,PHARYNX,,I5,"array([10.53098321,  4.12783491])"
7,PHARYNX,,I6,"array([9.73615141, 4.11193062])"
8,PHARYNX,,M1,"array([11.79734518,  4.96830412])"
9,PHARYNX,,M2L,"array([10.39716144,  3.67965534])"
10,PHARYNX,,M2R,"array([11.18344068,  4.39917107])"
11,PHARYNX,,M3L,"array([10.88705532,  4.18331547])"
12,PHARYNX,,M3R,"array([11.02569482,  4.57049669])"
13,PHARYNX,,M4,"array([10.39774114,  4.3488174 ])"
14,PHARYNX,,M5,"array([10.00853273,  4.46510205])"
15,PHARYNX,,MCL,"array([10.02450355,  3.27263608])"
16,PHARYNX,,MCR,"array([11.62165116,  4.04073552])"
17,PHARYNX,,MI,"array([11.24944705,  5.0296951 ])"
18,PHARYNX,,NSML,"array([11.41149338,  3.66046396])"
19,PHARYNX,,NSMR,"array([11.41260803,  4.25251434])"
20,PHARYNX,,pm1,"array([12.73403792,  3.55232871])"
21,PHARYNX,,pm2D,"array([12.44266496,  4.11941035])"
22,PHARYNX,,pm2VL,"array([12.18564401,  3.22938643])"
23,PHARYNX,,pm2VR,"array([12.42379922,  3.62440829])"
24,PHARYNX,,pm3D,"array([11.81564264,  4.59233127])"
25,PHARYNX,,pm3VL,"array([11.50189238,  3.38670932])"
26,PHARYNX,,pm3VR,"array([12.01723895,  3.96109536])"
27,PHARYNX,,pm4D,"array([11.31161899,  4.68390292])"
28,PHARYNX,,pm4VL,"array([10.93844301,  3.72319204])"
29,PHARYNX,,pm4VR,"array([11.51112579,  4.47489503])"
30,PHARYNX,,pm5D,"array([11.00898174,  4.79755266])"
31,PHARYNX,,pm5VL,"array([10.27945914,  4.19676724])"
32,PHARYNX,,pm5VR,"array([10.70911142,  4.8606759 ])"
33,PHARYNX,,pm6D,"array([10.48717383,  5.324067  ])"
34,PHARYNX,,pm6VL,"array([9.75982173, 4.75288453])"
35,PHARYNX,,pm6VR,"array([10.0983402 ,  5.04061342])"
36,PHARYNX,,pm7D,"array([9.97705031, 5.82886472])"
37,PHARYNX,,pm7VL,"array([9.3650848 , 5.45053729])"
38,PHARYNX,,pm7VR,"array([9.60590754, 5.79978784])"
39,PHARYNX,,pm8,"array([9.73649963, 5.56725613])"
40,PHARYNX,,mc1DL,"array([11.20076456,  4.11229167])"
41,PHARYNX,,mc1DR,"array([11.50352604,  5.10007489])"
42,PHARYNX,,mc1V,"array([11.6333039 ,  3.77357997])"
43,PHARYNX,,mc2DL,"array([10.51578588,  4.6788208 ])"
44,PHARYNX,,mc2DR,"array([10.87250811,  5.32395508])"
45,PHARYNX,,mc2V,"array([10.20184094,  4.70470783])"
46,PHARYNX,,mc3DL,"array([9.95134742, 5.27343721])"
47,PHARYNX,,mc3DR,"array([10.1922999 ,  5.57541863])"
48,PHARYNX,,mc3V,"array([9.58345905, 5.2368079 ])"
49,PHARYNX,,e2D,"array([13.67812049,  3.32750348])"
50,PHARYNX,,e2VL,"array([11.40136661,  2.44890218])"
51,PHARYNX,,e2VR,"array([13.21268219,  4.0672417 ])"
52,PHARYNX,,e3D,"array([13.29354075,  3.58249224])"
53,PHARYNX,,e3VL,"array([11.22628697,  2.90426895])"
54,PHARYNX,,e3VR,"array([12.74523195,  4.39102122])"
55,PHARYNX,,g1AL,"array([10.27809195,  3.91771009])"
56,PHARYNX,,g1AR,"array([10.72724821,  4.4256614 ])"
57,SENSORY NEURONS,,ASIL,"array([ 9.40724348, -7.89308002])"
58,SENSORY NEURONS,,ASIR,"array([ 8.99267385, -7.33581457])"
59,SENSORY NEURONS,,ASJL,"array([ 8.83853407, -3.00906894])"
60,SENSORY NEURONS,,ASJR,"array([10.13768475, -7.50466864])"
61,SENSORY NEURONS,,AWAL,"array([ 8.41976853, -8.21293266])"
62,SENSORY NEURONS,,AWAR,"array([ 9.50861872, -8.9278625 ])"
63,SENSORY NEURONS,,ASGL,"array([ 9.97946715, -8.02293952])"
64,SENSORY NEURONS,,ASGR,"array([ 0.69790974, -6.95379272])"
65,SENSORY NEURONS,,AWBL,"array([ 7.84311186, -7.72087949])"
66,SENSORY NEURONS,,AWBR,"array([17.00872032, -3.27568388])"
67,SENSORY NEURONS,,ASEL,"array([ 8.80446072, -2.1059748 ])"
68,SENSORY NEURONS,,ASER,"array([16.15848883, -5.44187531])"
69,SENSORY NEURONS,,ADFL,"array([ 8.72437493, -8.04172761])"
70,SENSORY NEURONS,,ADFR,"array([ 4.49384213, -8.23112449])"
71,SENSORY NEURONS,,AFDL,"array([ 3.67779898, -7.8646624 ])"
72,SENSORY NEURONS,,AFDR,"array([ 4.24685437, -7.65181193])"
73,SENSORY NEURONS,,AWCL,"array([17.41356864, -2.20582085])"
74,SENSORY NEURONS,,AWCR,"array([0.67970006, 2.14825582])"
75,SENSORY NEURONS,,ASKL,"array([ 8.69625276, -6.25930313])"
76,SENSORY NEURONS,,ASKR,"array([ 9.12501204, -6.17646908])"
77,SENSORY NEURONS,,ASHL,"array([ 8.7062865 , -6.79125565])"
78,SENSORY NEURONS,,ASHR,"array([ 0.47121006, -0.71021086])"
79,SENSORY NEURONS,,ADLL,"array([ 3.96173008, -6.17912552])"
80,SENSORY NEURONS,,ADLR,"array([ 4.60694596, -6.26363953])"
81,SENSORY NEURONS,,BAGL,"array([ 8.6392428 , -7.53022648])"
82,SENSORY NEURONS,,BAGR,"array([-0.55910715, -3.93735123])"
83,SENSORY NEURONS,,URXL,"array([ 7.19758804, -7.24107583])"
84,SENSORY NEURONS,,URXR,"array([ 5.10908323, -6.56987976])"
85,SENSORY NEURONS,,ALNL,"array([-0.18630035,  0.20970815])"
86,SENSORY NEURONS,,ALNR,"array([16.80331401, -6.22666019])"
87,SENSORY NEURONS,,PLNL,"array([17.15546103, -4.89288716])"
88,SENSORY NEURONS,,PLNR,"array([ 8.92022525, -5.81882433])"
89,SENSORY NEURONS,,SDQL,"array([16.22841816, -0.77080546])"
90,SENSORY NEURONS,,SDQR,"array([ 6.11134787, -7.17391954])"
91,SENSORY NEURONS,,AQR,"array([ 8.31576402, -5.54872792])"
92,SENSORY NEURONS,,PQR,"array([ 8.28403307, -4.15396675])"
93,SENSORY NEURONS,,ALML,"array([ 7.04533424, -2.85128834])"
94,SENSORY NEURONS,,ALMR,"array([ 7.30531814, -2.68769918])"
95,SENSORY NEURONS,,AVM,"array([ 7.31393661, -3.06948503])"
96,SENSORY NEURONS,,PVM,"array([ 8.07009461, -4.58761801])"
97,SENSORY NEURONS,,PLML,"array([ 8.2670122 , -3.67227149])"
98,SENSORY NEURONS,,PLMR,"array([ 8.08682572, -3.68039796])"
99,SENSORY NEURONS,,FLPL,"array([ 5.67813225, -7.55526389])"
100,SENSORY NEURONS,,FLPR,"array([ 0.28233352, -3.4510551 ])"
101,SENSORY NEURONS,,DVA,"array([ 8.28313012, -4.59734812])"
102,SENSORY NEURONS,,PVDL,"array([ 7.95962239, -4.91508126])"
103,SENSORY NEURONS,,PVDR,"array([ 8.17753604, -5.01631907])"
104,SENSORY NEURONS,,ADEL,"array([14.33528199,  1.41249722])"
105,SENSORY NEURONS,,ADER,"array([ 4.97738991, -8.69303648])"
106,SENSORY NEURONS,,PDEL,"array([ 8.17581675, -4.47430231])"
107,SENSORY NEURONS,,PDER,"array([ 8.25249421, -4.29739987])"
108,SENSORY NEURONS,,PHAL,"array([ 8.73226024, -4.43889183])"
109,SENSORY NEURONS,,PHAR,"array([ 9.08822839, -4.70848538])"
110,SENSORY NEURONS,,PHBL,"array([ 8.58091861, -3.53473843])"
111,SENSORY NEURONS,,PHBR,"array([ 8.89284616, -4.1345059 ])"
112,SENSORY NEURONS,,PHCL,"array([ 8.75234598, -3.7200329 ])"
113,SENSORY NEURONS,,PHCR,"array([ 9.07517496, -3.82711024])"
114,SENSORY NEURONS,,IL2DL,"array([ 6.98404064, -8.98812862])"
115,SENSORY NEURONS,,IL2DR,"array([ 4.23060594, -6.74166095])"
116,SENSORY NEURONS,,IL2L,"array([ 7.29710721, -8.01334502])"
117,SENSORY NEURONS,,IL2R,"array([ 4.86548046, -6.97918863])"
118,SENSORY NEURONS,,IL2VL,"array([ 6.11773828, -8.89105132])"
119,SENSORY NEURONS,,IL2VR,"array([15.20187808, -0.58354   ])"
120,SENSORY NEURONS,,CEPDL,"array([ 6.99887884, -8.1809434 ])"
121,SENSORY NEURONS,,CEPDR,"array([ 5.49172851, -7.13452117])"
122,SENSORY NEURONS,,CEPVL,"array([ 6.30702696, -8.58089469])"
123,SENSORY NEURONS,,CEPVR,"array([ 5.93020618, -7.8882872 ])"
124,SENSORY NEURONS,,URYDL,"array([15.79589189,  0.24365194])"
125,SENSORY NEURONS,,URYDR,"array([ 7.17641041, -5.48986515])"
126,SENSORY NEURONS,,URYVL,"array([15.31109959,  2.1773825 ])"
127,SENSORY NEURONS,,URYVR,"array([ 7.10588748, -6.93922308])"
128,SENSORY NEURONS,,OLLL,"array([ 7.37919317, -7.39385001])"
129,SENSORY NEURONS,,OLLR,"array([ 7.83521055, -7.08129893])"
130,SENSORY NEURONS,,OLQDL,"array([ 6.87995091, -7.60573505])"
131,SENSORY NEURONS,,OLQDR,"array([ 6.95789384, -6.52559892])"
132,SENSORY NEURONS,,OLQVL,"array([ 7.31361983, -6.74334941])"
133,SENSORY NEURONS,,OLQVR,"array([ 6.65576139, -7.01314526])"
134,SENSORY NEURONS,,IL1DL,"array([14.96128735, -8.66622031])"
135,SENSORY NEURONS,,IL1DR,"array([ 4.91891684, -7.7265707 ])"
136,SENSORY NEURONS,,IL1L,"array([ 6.79966093, -8.545321  ])"
137,SENSORY NEURONS,,IL1R,"array([ 5.00365281, -8.21229906])"
138,SENSORY NEURONS,,IL1VL,"array([ 6.17592582, -8.29655932])"
139,SENSORY NEURONS,,IL1VR,"array([ 5.66245876, -8.08498249])"
140,INTERNEURONS,,AINL,"array([ 7.76590423, -8.11721689])"
141,INTERNEURONS,,AINR,"array([10.37892064, -8.52345099])"
142,INTERNEURONS,,AIML,"array([ 9.39352837, -7.27398785])"
143,INTERNEURONS,,AIMR,"array([ 9.59352282, -7.04817155])"
144,INTERNEURONS,,RIH,"array([ 5.38274146, -8.09179033])"
145,INTERNEURONS,,URBL,"array([ 7.20937074, -8.70021575])"
146,INTERNEURONS,,URBR,"array([ 0.10392728, -5.9878383 ])"
147,INTERNEURONS,,RIR,"array([ 8.31411999, -6.82348957])"
148,INTERNEURONS,,AIYL,"array([ 5.98890148, -9.28037582])"
149,INTERNEURONS,,AIYR,"array([ 4.30184106, -4.55405121])"
150,INTERNEURONS,,AIAL,"array([ 8.85150773, -8.56126916])"
151,INTERNEURONS,,AIAR,"array([ 9.24350595, -8.31906322])"
152,INTERNEURONS,,AUAL,"array([16.49412198, -1.95256202])"
153,INTERNEURONS,,AUAR,"array([17.20003058, -3.5757511 ])"
154,INTERNEURONS,,AIZL,"array([ 8.02975751, -7.31195454])"
155,INTERNEURONS,,AIZR,"array([ 8.18661394, -8.0143249 ])"
156,INTERNEURONS,,RIS,"array([ 6.61635927, -6.0456326 ])"
157,INTERNEURONS,,ALA,"array([ 7.64051735, -5.93567542])"
158,INTERNEURONS,,PVQL,"array([ 8.67210888, -5.08373824])"
159,INTERNEURONS,,PVQR,"array([ 9.07150175, -4.83992953])"
160,INTERNEURONS,,ADAL,"array([ 8.31251407, -7.24778226])"
161,INTERNEURONS,,ADAR,"array([0.86914135, 0.08971531])"
162,INTERNEURONS,,RIFL,"array([ 8.01058833, -6.84302702])"
163,INTERNEURONS,,RIFR,"array([15.91510703, -6.79119719])"
164,INTERNEURONS,,BDUL,"array([ 8.19985949, -2.59066292])"
165,INTERNEURONS,,BDUR,"array([ 7.81842932, -2.62156601])"
166,INTERNEURONS,,PVR,"array([ 7.73217476, -3.56688459])"
167,INTERNEURONS,,AVFL,"array([ 8.77790267, -4.94439757])"
168,INTERNEURONS,,AVFR,"array([ 8.41790404, -4.05649718])"
169,INTERNEURONS,,AVHL,"array([ 9.16029859, -4.99341312])"
170,INTERNEURONS,,AVHR,"array([ 8.45653349, -4.25600745])"
171,INTERNEURONS,,PVPL,"array([ 8.5416367 , -4.73853781])"
172,INTERNEURONS,,PVPR,"array([ 8.59274893, -4.86767771])"
173,INTERNEURONS,,LUAL,"array([ 8.6303882 , -3.24443906])"
174,INTERNEURONS,,LUAR,"array([ 7.95280738, -3.18502593])"
175,INTERNEURONS,,PVNL,"array([ 8.54266187, -4.37353317])"
176,INTERNEURONS,,PVNR,"array([ 8.77638302, -4.55797744])"
177,INTERNEURONS,,AVG,"array([ 8.75439103, -4.68458048])"
178,INTERNEURONS,,DVB,"array([ 8.9837893 , -4.97920126])"
179,INTERNEURONS,,RIBL,"array([ 7.48642153, -5.811539  ])"
180,INTERNEURONS,,RIBR,"array([ 6.48912737, -6.31980441])"
181,INTERNEURONS,,RIGL,"array([ 7.60456297, -6.61078401])"
182,INTERNEURONS,,RIGR,"array([ 7.26250148, -6.44061032])"
183,INTERNEURONS,,RMGL,"array([ 7.61930817, -6.9714537 ])"
184,INTERNEURONS,,RMGR,"array([ 5.55584731, -6.35482618])"
185,INTERNEURONS,,AIBL,"array([ 8.08203807, -6.32621239])"
186,INTERNEURONS,,AIBR,"array([ 7.71922197, -6.42136822])"
187,INTERNEURONS,,RICL,"array([ 8.2273303 , -6.07273028])"
188,INTERNEURONS,,RICR,"array([ 8.35591442, -5.85124289])"
189,INTERNEURONS,,SAADL,"array([-0.6412366 , -2.82870901])"
190,INTERNEURONS,,SAADR,"array([14.63880895,  0.33924784])"
191,INTERNEURONS,,SAAVL,"array([ 6.23073868, -5.75954489])"
192,INTERNEURONS,,SAAVR,"array([ 5.28544318, -5.28346333])"
193,INTERNEURONS,,AVKL,"array([ 8.10606422, -5.21113906])"
194,INTERNEURONS,,AVKR,"array([ 8.33570989, -5.09231727])"
195,INTERNEURONS,,DVC,"array([ 8.71477812, -4.8193851 ])"
196,INTERNEURONS,,AVJL,"array([ 8.39712843, -4.44523646])"
197,INTERNEURONS,,AVJR,"array([ 8.60582223, -4.60695905])"
198,INTERNEURONS,,PVT,"array([ 8.41686824, -5.31549091])"
199,INTERNEURONS,,AVDL,"array([ 7.70125051, -3.76890162])"
200,INTERNEURONS,,AVDR,"array([ 7.87396051, -3.75844883])"
201,INTERNEURONS,,AVL,"array([ 8.6466585 , -5.33558458])"
202,INTERNEURONS,,PVWL,"array([ 8.04869068, -3.42457429])"
203,INTERNEURONS,,PVWR,"array([ 8.27688152, -3.31963587])"
204,INTERNEURONS,,RIAL,"array([ 5.22492756, -4.92158681])"
205,INTERNEURONS,,RIAR,"array([ 5.93222873, -5.0237944 ])"
206,INTERNEURONS,,RIML,"array([ 7.66722853, -6.20533193])"
207,INTERNEURONS,,RIMR,"array([ 6.59183791, -5.30229432])"
208,INTERNEURONS,,AVEL,"array([ 7.37624126, -5.38899974])"
209,INTERNEURONS,,AVER,"array([ 7.28616998, -5.72344907])"
210,INTERNEURONS,,RMFL,"array([ 0.38594014, -2.4710857 ])"
211,INTERNEURONS,,RMFR,"array([ 5.58186526, -5.88673592])"
212,INTERNEURONS,,RID,"array([ 6.85883568, -6.09030591])"
213,INTERNEURONS,,AVBL,"array([ 7.64557703, -4.78799575])"
214,INTERNEURONS,,AVBR,"array([ 7.74101076, -4.86806891])"
215,INTERNEURONS,,AVAL,"array([ 7.63213442, -4.28084972])"
216,INTERNEURONS,,AVAR,"array([ 7.61274882, -4.49731774])"
217,INTERNEURONS,,PVCL,"array([ 8.00981723, -4.06247525])"
218,INTERNEURONS,,PVCR,"array([ 8.14670334, -4.16325624])"
219,INTERNEURONS,,RIPL,"array([16.02270788, -2.9065932 ])"
220,INTERNEURONS,,RIPR,"array([ 4.03348641, -8.62926279])"
221,MOTOR NEURONS,HEAD MOTOR NEURONS,URADL,"array([16.2431793 , -4.26556785])"
222,MOTOR NEURONS,HEAD MOTOR NEURONS,URADR,"array([ 3.6189018 , -6.84479237])"
223,MOTOR NEURONS,HEAD MOTOR NEURONS,URAVL,"array([ 5.76521171, -8.71578327])"
224,MOTOR NEURONS,HEAD MOTOR NEURONS,URAVR,"array([ 5.5017446 , -8.49561516])"
225,MOTOR NEURONS,HEAD MOTOR NEURONS,RMEL,"array([ 5.04242873, -7.26168282])"
226,MOTOR NEURONS,HEAD MOTOR NEURONS,RMER,"array([ 5.52693607, -6.75784027])"
227,MOTOR NEURONS,HEAD MOTOR NEURONS,RMED,"array([ 5.78934641, -7.13166988])"
228,MOTOR NEURONS,HEAD MOTOR NEURONS,RMEV,"array([ 7.15019249, -6.11618654])"
229,MOTOR NEURONS,HEAD MOTOR NEURONS,RMDDL,"array([ 6.23818075, -7.45619988])"
230,MOTOR NEURONS,HEAD MOTOR NEURONS,RMDDR,"array([ 6.59760028, -7.42905406])"
231,MOTOR NEURONS,HEAD MOTOR NEURONS,RMDL,"array([14.03286389, -9.67198753])"
232,MOTOR NEURONS,HEAD MOTOR NEURONS,RMDR,"array([ 6.76957577, -6.81510558])"
233,MOTOR NEURONS,HEAD MOTOR NEURONS,RMDVL,"array([ 5.1930042 , -5.91068868])"
234,MOTOR NEURONS,HEAD MOTOR NEURONS,RMDVR,"array([ 5.56104488, -5.52110102])"
235,MOTOR NEURONS,HEAD MOTOR NEURONS,RIVL,"array([ 5.99972375, -6.90243787])"
236,MOTOR NEURONS,HEAD MOTOR NEURONS,RIVR,"array([ 6.67911179, -6.49593302])"
237,MOTOR NEURONS,HEAD MOTOR NEURONS,RMHL,"array([ 6.97125279, -5.8672248 ])"
238,MOTOR NEURONS,HEAD MOTOR NEURONS,RMHR,"array([ 6.13266195, -6.4466346 ])"
239,MOTOR NEURONS,SUBLATERAL MOTOR NEURONS,SABD,"array([16.27965759,  1.24566128])"
240,MOTOR NEURONS,SUBLATERAL MOTOR NEURONS,SABVL,"array([-0.50101368, -1.82331367])"
241,MOTOR NEURONS,SUBLATERAL MOTOR NEURONS,SABVR,"array([17.17409913, -1.04336976])"
242,MOTOR NEURONS,SUBLATERAL MOTOR NEURONS,SMDDL,"array([ 6.76414453, -6.30291093])"
243,MOTOR NEURONS,SUBLATERAL MOTOR NEURONS,SMDDR,"array([ 6.37400047, -6.76064818])"
244,MOTOR NEURONS,SUBLATERAL MOTOR NEURONS,SMDVL,"array([ 5.92691696, -6.17518489])"
245,MOTOR NEURONS,SUBLATERAL MOTOR NEURONS,SMDVR,"array([ 6.57472437, -5.58020218])"
246,MOTOR NEURONS,SUBLATERAL MOTOR NEURONS,SMBDL,"array([ 7.90544209, -5.8199076 ])"
247,MOTOR NEURONS,SUBLATERAL MOTOR NEURONS,SMBDR,"array([ 6.33869309, -5.2856796 ])"
248,MOTOR NEURONS,SUBLATERAL MOTOR NEURONS,SMBVL,"array([ 6.07211201, -5.44640575])"
249,MOTOR NEURONS,SUBLATERAL MOTOR NEURONS,SMBVR,"array([ 7.06365267, -5.63918909])"
250,MOTOR NEURONS,SUBLATERAL MOTOR NEURONS,SIBDL,"array([ 7.48750758, -5.55766628])"
251,MOTOR NEURONS,SUBLATERAL MOTOR NEURONS,SIBDR,"array([ 6.13466867, -6.09065908])"
252,MOTOR NEURONS,SUBLATERAL MOTOR NEURONS,SIBVL,"array([ 6.90643178, -5.43211868])"
253,MOTOR NEURONS,SUBLATERAL MOTOR NEURONS,SIBVR,"array([ 6.64117464, -5.78735981])"
254,MOTOR NEURONS,SUBLATERAL MOTOR NEURONS,SIADL,"array([ 5.83974735, -5.74955471])"
255,MOTOR NEURONS,SUBLATERAL MOTOR NEURONS,SIADR,"array([ 7.18728629, -5.22098889])"
256,MOTOR NEURONS,SUBLATERAL MOTOR NEURONS,SIAVL,"array([ 6.86303752, -5.23440451])"
257,MOTOR NEURONS,SUBLATERAL MOTOR NEURONS,SIAVR,"array([ 4.94171033, -4.70909723])"
258,MOTOR NEURONS,VENTRAL CORD MOTOR NEURONS,DA01,"array([ 6.85062197, -4.40464398])"
259,MOTOR NEURONS,VENTRAL CORD MOTOR NEURONS,DA02,"array([ 6.73718459, -4.01121017])"
260,MOTOR NEURONS,VENTRAL CORD MOTOR NEURONS,DA03,"array([ 6.70340068, -3.73143514])"
261,MOTOR NEURONS,VENTRAL CORD MOTOR NEURONS,DA04,"array([ 7.5283507 , -3.78199203])"
262,MOTOR NEURONS,VENTRAL CORD MOTOR NEURONS,DA05,"array([ 7.51551884, -3.9815004 ])"
263,MOTOR NEURONS,VENTRAL CORD MOTOR NEURONS,DA06,"array([ 7.70207107, -4.16102395])"
264,MOTOR NEURONS,VENTRAL CORD MOTOR NEURONS,DA07,"array([ 7.45441126, -4.34159524])"
265,MOTOR NEURONS,VENTRAL CORD MOTOR NEURONS,DA08,"array([ 7.99225331, -4.71663522])"
266,MOTOR NEURONS,VENTRAL CORD MOTOR NEURONS,DA09,"array([ 8.44483199, -4.8840024 ])"
267,MOTOR NEURONS,VENTRAL CORD MOTOR NEURONS,PDA,"array([ 8.84196931, -5.19123024])"
268,MOTOR NEURONS,VENTRAL CORD MOTOR NEURONS,DB01,"array([ 6.70607764, -4.96247195])"
269,MOTOR NEURONS,VENTRAL CORD MOTOR NEURONS,DB02,"array([ 7.1067486, -4.9876732])"
270,MOTOR NEURONS,VENTRAL CORD MOTOR NEURONS,DB03,"array([ 7.48575844, -4.95207805])"
271,MOTOR NEURONS,VENTRAL CORD MOTOR NEURONS,DB04,"array([ 7.45055382, -4.52862418])"
272,MOTOR NEURONS,VENTRAL CORD MOTOR NEURONS,DB05,"array([ 7.44987893, -4.15823467])"
273,MOTOR NEURONS,VENTRAL CORD MOTOR NEURONS,DB06,"array([ 7.82240196, -4.64998989])"
274,MOTOR NEURONS,VENTRAL CORD MOTOR NEURONS,DB07,"array([ 7.95439308, -5.09241677])"
275,MOTOR NEURONS,VENTRAL CORD MOTOR NEURONS,AS01,"array([ 6.02541492, -2.83986167])"
276,MOTOR NEURONS,VENTRAL CORD MOTOR NEURONS,AS02,"array([ 6.22545247, -3.69065471])"
277,MOTOR NEURONS,VENTRAL CORD MOTOR NEURONS,AS03,"array([ 0.82790803, -5.26826405])"
278,MOTOR NEURONS,VENTRAL CORD MOTOR NEURONS,AS04,"array([ 5.88181677, -3.39792899])"
279,MOTOR NEURONS,VENTRAL CORD MOTOR NEURONS,AS05,"array([ 1.24812822, -3.02306539])"
280,MOTOR NEURONS,VENTRAL CORD MOTOR NEURONS,AS06,"array([15.61273802, -1.62308604])"
281,MOTOR NEURONS,VENTRAL CORD MOTOR NEURONS,AS07,"array([ 7.33999753, -3.92409239])"
282,MOTOR NEURONS,VENTRAL CORD MOTOR NEURONS,AS08,"array([ 7.21254687, -4.13857496])"
283,MOTOR NEURONS,VENTRAL CORD MOTOR NEURONS,AS09,"array([ 8.13018983, -4.85294441])"
284,MOTOR NEURONS,VENTRAL CORD MOTOR NEURONS,AS10,"array([ 8.13599003, -3.94495124])"
285,MOTOR NEURONS,VENTRAL CORD MOTOR NEURONS,AS11,"array([ 9.46048999, -5.10558048])"
286,MOTOR NEURONS,VENTRAL CORD MOTOR NEURONS,PDB,"array([ 9.20293923, -4.81698115])"
287,MOTOR NEURONS,VENTRAL CORD MOTOR NEURONS,DD01,"array([ 5.65990503, -0.7538855 ])"
288,MOTOR NEURONS,VENTRAL CORD MOTOR NEURONS,DD02,"array([ 6.61166867, -1.84195458])"
289,MOTOR NEURONS,VENTRAL CORD MOTOR NEURONS,DD03,"array([ 7.63082467, -2.96000267])"
290,MOTOR NEURONS,VENTRAL CORD MOTOR NEURONS,DD04,"array([ 8.46074121, -3.85620248])"
291,MOTOR NEURONS,VENTRAL CORD MOTOR NEURONS,DD05,"array([ 9.02640408, -4.08390102])"
292,MOTOR NEURONS,VENTRAL CORD MOTOR NEURONS,DD06,"array([ 9.61221263, -4.15963371])"
293,MOTOR NEURONS,VENTRAL CORD MOTOR NEURONS,VA01,"array([ 6.9337421, -4.205866 ])"
294,MOTOR NEURONS,VENTRAL CORD MOTOR NEURONS,VA02,"array([ 6.57852201, -2.94936612])"
295,MOTOR NEURONS,VENTRAL CORD MOTOR NEURONS,VA03,"array([ 6.70407658, -3.29437387])"
296,MOTOR NEURONS,VENTRAL CORD MOTOR NEURONS,VA04,"array([ 6.68241748, -4.2082744 ])"
297,MOTOR NEURONS,VENTRAL CORD MOTOR NEURONS,VA05,"array([ 6.42669685, -4.3353527 ])"
298,MOTOR NEURONS,VENTRAL CORD MOTOR NEURONS,VA06,"array([ 6.77567501, -3.50306333])"
299,MOTOR NEURONS,VENTRAL CORD MOTOR NEURONS,VA07,"array([ 6.96027547, -3.97043763])"
300,MOTOR NEURONS,VENTRAL CORD MOTOR NEURONS,VA08,"array([ 7.1956403 , -4.40085491])"
301,MOTOR NEURONS,VENTRAL CORD MOTOR NEURONS,VA09,"array([ 7.71211159, -4.00716638])"
302,MOTOR NEURONS,VENTRAL CORD MOTOR NEURONS,VA10,"array([ 8.02266538, -4.23084935])"
303,MOTOR NEURONS,VENTRAL CORD MOTOR NEURONS,VA11,"array([ 7.89979414, -3.95419019])"
304,MOTOR NEURONS,VENTRAL CORD MOTOR NEURONS,VA12,"array([ 7.8574982 , -4.06961129])"
305,MOTOR NEURONS,VENTRAL CORD MOTOR NEURONS,VB01,"array([ 6.49959611, -4.74497019])"
306,MOTOR NEURONS,VENTRAL CORD MOTOR NEURONS,VB02,"array([ 6.90963174, -4.82853181])"
307,MOTOR NEURONS,VENTRAL CORD MOTOR NEURONS,VB03,"array([ 6.73275346, -4.64517819])"
308,MOTOR NEURONS,VENTRAL CORD MOTOR NEURONS,VB04,"array([ 7.09284756, -4.74821166])"
309,MOTOR NEURONS,VENTRAL CORD MOTOR NEURONS,VB05,"array([ 7.49505042, -4.67956649])"
310,MOTOR NEURONS,VENTRAL CORD MOTOR NEURONS,VB06,"array([ 7.91635726, -4.34288062])"
311,MOTOR NEURONS,VENTRAL CORD MOTOR NEURONS,VB07,"array([ 7.7342512 , -4.40174929])"
312,MOTOR NEURONS,VENTRAL CORD MOTOR NEURONS,VB08,"array([ 7.98469904, -4.44914378])"
313,MOTOR NEURONS,VENTRAL CORD MOTOR NEURONS,VB09,"array([ 7.8383624 , -4.23588197])"
314,MOTOR NEURONS,VENTRAL CORD MOTOR NEURONS,VB10,"array([ 7.87614605, -4.49846182])"
315,MOTOR NEURONS,VENTRAL CORD MOTOR NEURONS,VB11,"array([ 8.25216297, -4.75573839])"
316,MOTOR NEURONS,VENTRAL CORD MOTOR NEURONS,VD01,"array([ 5.28409379, -1.28694457])"
317,MOTOR NEURONS,VENTRAL CORD MOTOR NEURONS,VD02,"array([ 5.8093118 , -1.44695035])"
318,MOTOR NEURONS,VENTRAL CORD MOTOR NEURONS,VD03,"array([ 6.16120445, -1.90390805])"
319,MOTOR NEURONS,VENTRAL CORD MOTOR NEURONS,VD04,"array([ 6.53235051, -1.57819891])"
320,MOTOR NEURONS,VENTRAL CORD MOTOR NEURONS,VD05,"array([ 7.04923299, -2.07651626])"
321,MOTOR NEURONS,VENTRAL CORD MOTOR NEURONS,VD06,"array([ 7.51806481, -2.29125623])"
322,MOTOR NEURONS,VENTRAL CORD MOTOR NEURONS,VD07,"array([ 7.9956827 , -2.93507714])"
323,MOTOR NEURONS,VENTRAL CORD MOTOR NEURONS,VD08,"array([ 8.30241516, -3.913753  ])"
324,MOTOR NEURONS,VENTRAL CORD MOTOR NEURONS,VD09,"array([ 8.56436208, -3.97640816])"
325,MOTOR NEURONS,VENTRAL CORD MOTOR NEURONS,VD10,"array([ 8.5794077 , -4.13459878])"
326,MOTOR NEURONS,VENTRAL CORD MOTOR NEURONS,VD11,"array([ 8.9927312 , -3.95236306])"
327,MOTOR NEURONS,VENTRAL CORD MOTOR NEURONS,VD12,"array([ 9.96137159, -4.15047388])"
328,MOTOR NEURONS,VENTRAL CORD MOTOR NEURONS,VD13,"array([ 9.47904288, -4.53366807])"
329,MOTOR NEURONS,BODYWALL MUSCLES,dBWML1,"array([3.86593919, 4.99311805])"
330,MOTOR NEURONS,BODYWALL MUSCLES,dBWML2,"array([3.53895731, 4.92122949])"
331,MOTOR NEURONS,BODYWALL MUSCLES,dBWML3,"array([3.80581015, 4.53234065])"
332,MOTOR NEURONS,BODYWALL MUSCLES,dBWML4,"array([3.95737115, 3.88587953])"
333,MOTOR NEURONS,BODYWALL MUSCLES,dBWML5,"array([4.12080731, 3.16076671])"
334,MOTOR NEURONS,BODYWALL MUSCLES,dBWML6,"array([4.3024771 , 2.34465152])"
335,MOTOR NEURONS,BODYWALL MUSCLES,dBWML7,"array([4.50104448, 1.42988794])"
336,MOTOR NEURONS,BODYWALL MUSCLES,dBWMR1,"array([2.36050109, 4.20451097])"
337,MOTOR NEURONS,BODYWALL MUSCLES,dBWMR2,"array([2.1000328 , 3.99871642])"
338,MOTOR NEURONS,BODYWALL MUSCLES,dBWMR3,"array([2.50488346, 3.7598448 ])"
339,MOTOR NEURONS,BODYWALL MUSCLES,dBWMR4,"array([2.91758552, 3.23132367])"
340,MOTOR NEURONS,BODYWALL MUSCLES,dBWMR5,"array([3.36249864, 2.61973966])"
341,MOTOR NEURONS,BODYWALL MUSCLES,dBWMR6,"array([3.84992134, 1.92178499])"
342,MOTOR NEURONS,BODYWALL MUSCLES,dBWMR7,"array([4.3994232 , 1.13272315])"
343,MOTOR NEURONS,BODYWALL MUSCLES,vBWML1,"array([1.81751682, 1.21891074])"
344,MOTOR NEURONS,BODYWALL MUSCLES,vBWML2,"array([1.73638139, 0.9018264 ])"
345,MOTOR NEURONS,BODYWALL MUSCLES,vBWML3,"array([2.18984203, 0.92820945])"
346,MOTOR NEURONS,BODYWALL MUSCLES,vBWML4,"array([2.82894822, 0.74446234])"
347,MOTOR NEURONS,BODYWALL MUSCLES,vBWML5,"array([3.56230683, 0.56750707])"
348,MOTOR NEURONS,BODYWALL MUSCLES,vBWML6,"array([3.69041216, 0.12882783])"
349,MOTOR NEURONS,BODYWALL MUSCLES,vBWML7,"array([4.27557426, 0.06522791])"
350,MOTOR NEURONS,BODYWALL MUSCLES,vBWMR1,"array([2.34679696, 2.4525183 ])"
351,MOTOR NEURONS,BODYWALL MUSCLES,vBWMR2,"array([2.14302351, 2.21018612])"
352,MOTOR NEURONS,BODYWALL MUSCLES,vBWMR3,"array([2.59777908, 2.04410499])"
353,MOTOR NEURONS,BODYWALL MUSCLES,vBWMR4,"array([3.14554309, 1.60644849])"
354,MOTOR NEURONS,BODYWALL MUSCLES,vBWMR5,"array([3.78586603, 1.10892644])"
355,MOTOR NEURONS,BODYWALL MUSCLES,vBWMR6,"array([4.10408629, 0.81757098])"
356,MOTOR NEURONS,BODYWALL MUSCLES,vBWMR7,"array([4.59636691, 0.35613361])"
357,MOTOR NEURONS,BODYWALL MUSCLES,dBWML8,"array([4.81089278, 0.73794924])"
358,MOTOR NEURONS,BODYWALL MUSCLES,dBWML9,"array([ 5.22512395, -0.08974721])"
359,MOTOR NEURONS,BODYWALL MUSCLES,dBWML10,"array([5.42809437, 0.8181895 ])"
360,MOTOR NEURONS,BODYWALL MUSCLES,dBWML11,"array([5.75113751, 1.5771943 ])"
361,MOTOR NEURONS,BODYWALL MUSCLES,dBWML12,"array([6.17254812, 2.15220251])"
362,MOTOR NEURONS,BODYWALL MUSCLES,dBWML13,"array([6.71150643, 2.51081695])"
363,MOTOR NEURONS,BODYWALL MUSCLES,dBWML14,"array([7.33620176, 2.58915079])"
364,MOTOR NEURONS,BODYWALL MUSCLES,dBWML15,"array([7.9634578, 2.4075431])"
365,MOTOR NEURONS,BODYWALL MUSCLES,dBWML16,"array([8.56410721, 2.03534404])"
366,MOTOR NEURONS,BODYWALL MUSCLES,dBWML17,"array([9.12338753, 1.5181381 ])"
367,MOTOR NEURONS,BODYWALL MUSCLES,dBWML18,"array([9.62212368, 0.88685921])"
368,MOTOR NEURONS,BODYWALL MUSCLES,dBWML19,"array([10.02587681,  0.12366619])"
369,MOTOR NEURONS,BODYWALL MUSCLES,dBWML20,"array([10.30576411, -0.78075493])"
370,MOTOR NEURONS,BODYWALL MUSCLES,dBWML21,"array([10.45979936, -1.87266577])"
371,MOTOR NEURONS,BODYWALL MUSCLES,dBWML22,"array([10.49843841, -2.77232011])"
372,MOTOR NEURONS,BODYWALL MUSCLES,dBWML23,"array([10.25937587, -3.21287933])"
373,MOTOR NEURONS,BODYWALL MUSCLES,dBWML24,"array([10.86949655, -3.05448068])"
374,MOTOR NEURONS,BODYWALL MUSCLES,dBWMR8,"array([5.05605777, 0.49728916])"
375,MOTOR NEURONS,BODYWALL MUSCLES,dBWMR9,"array([5.16612758, 1.47587036])"
376,MOTOR NEURONS,BODYWALL MUSCLES,dBWMR10,"array([5.36977111, 2.30827155])"
377,MOTOR NEURONS,BODYWALL MUSCLES,dBWMR11,"array([5.69400227, 2.99419728])"
378,MOTOR NEURONS,BODYWALL MUSCLES,dBWMR12,"array([6.16202487, 3.48940553])"
379,MOTOR NEURONS,BODYWALL MUSCLES,dBWMR13,"array([6.76859335, 3.73464578])"
380,MOTOR NEURONS,BODYWALL MUSCLES,dBWMR14,"array([7.42153287, 3.68911353])"
381,MOTOR NEURONS,BODYWALL MUSCLES,dBWMR15,"array([8.07381504, 3.39746656])"
382,MOTOR NEURONS,BODYWALL MUSCLES,dBWMR16,"array([8.7065291 , 2.93332924])"
383,MOTOR NEURONS,BODYWALL MUSCLES,dBWMR17,"array([9.32034246, 2.35686407])"
384,MOTOR NEURONS,BODYWALL MUSCLES,dBWMR18,"array([9.89411208, 1.68271404])"
385,MOTOR NEURONS,BODYWALL MUSCLES,dBWMR19,"array([10.35715193,  0.90591795])"
386,MOTOR NEURONS,BODYWALL MUSCLES,dBWMR20,"array([1.06483007e+01, 7.43394042e-03])"
387,MOTOR NEURONS,BODYWALL MUSCLES,dBWMR21,"array([10.72706094, -1.01545068])"
388,MOTOR NEURONS,BODYWALL MUSCLES,dBWMR22,"array([10.82085605, -1.81477372])"
389,MOTOR NEURONS,BODYWALL MUSCLES,dBWMR23,"array([10.93356864, -2.36153924])"
390,MOTOR NEURONS,BODYWALL MUSCLES,dBWMR24,"array([10.71004161, -2.93516574])"
391,MOTOR NEURONS,BODYWALL MUSCLES,vBWML8,"array([ 4.93373175, -0.09129957])"
392,MOTOR NEURONS,BODYWALL MUSCLES,vBWML9,"array([5.55750785, 0.19229486])"
393,MOTOR NEURONS,BODYWALL MUSCLES,vBWML10,"array([6.10930178, 0.44314017])"
394,MOTOR NEURONS,BODYWALL MUSCLES,vBWML11,"array([6.63765181, 0.62385421])"
395,MOTOR NEURONS,BODYWALL MUSCLES,vBWML12,"array([7.18539074, 0.60338887])"
396,MOTOR NEURONS,BODYWALL MUSCLES,vBWML13,"array([7.70592036, 0.34733012])"
397,MOTOR NEURONS,BODYWALL MUSCLES,vBWML14,"array([ 8.18610279, -0.10394386])"
398,MOTOR NEURONS,BODYWALL MUSCLES,vBWML15,"array([ 8.63005103, -0.73595912])"
399,MOTOR NEURONS,BODYWALL MUSCLES,vBWML16,"array([ 9.03956361, -1.58364985])"
400,MOTOR NEURONS,BODYWALL MUSCLES,vBWML17,"array([ 9.34453684, -2.72189845])"
401,MOTOR NEURONS,BODYWALL MUSCLES,vBWML18,"array([ 9.78552334, -2.59815401])"
402,MOTOR NEURONS,BODYWALL MUSCLES,vBWML19,"array([ 9.76394213, -3.03400471])"
403,MOTOR NEURONS,BODYWALL MUSCLES,vBWML20,"array([10.46761939, -3.495668  ])"
404,MOTOR NEURONS,BODYWALL MUSCLES,vBWML21,"array([11.29007974, -3.56777277])"
405,MOTOR NEURONS,BODYWALL MUSCLES,vBWML22,"array([11.17011357, -3.7204341 ])"
406,MOTOR NEURONS,BODYWALL MUSCLES,vBWML23,"array([11.54606813, -4.01605073])"
407,MOTOR NEURONS,BODYWALL MUSCLES,vBWMR8,"array([5.21662034, 0.20470622])"
408,MOTOR NEURONS,BODYWALL MUSCLES,vBWMR9,"array([5.76281351, 0.82353073])"
409,MOTOR NEURONS,BODYWALL MUSCLES,vBWMR10,"array([6.25925998, 1.30157707])"
410,MOTOR NEURONS,BODYWALL MUSCLES,vBWMR11,"array([6.79978521, 1.58728363])"
411,MOTOR NEURONS,BODYWALL MUSCLES,vBWMR12,"array([7.38871006, 1.61274946])"
412,MOTOR NEURONS,BODYWALL MUSCLES,vBWMR13,"array([7.95465705, 1.3842499 ])"
413,MOTOR NEURONS,BODYWALL MUSCLES,vBWMR14,"array([8.46959283, 0.97569958])"
414,MOTOR NEURONS,BODYWALL MUSCLES,vBWMR15,"array([8.92565144, 0.39802739])"
415,MOTOR NEURONS,BODYWALL MUSCLES,vBWMR16,"array([ 9.30288416, -0.33063192])"
416,MOTOR NEURONS,BODYWALL MUSCLES,vBWMR17,"array([ 9.57478503, -1.2288704 ])"
417,MOTOR NEURONS,BODYWALL MUSCLES,vBWMR18,"array([ 9.72075848, -2.35482662])"
418,MOTOR NEURONS,BODYWALL MUSCLES,vBWMR19,"array([ 9.59991454, -3.30451917])"
419,MOTOR NEURONS,BODYWALL MUSCLES,vBWMR20,"array([10.06696455, -3.20467424])"
420,MOTOR NEURONS,BODYWALL MUSCLES,vBWMR21,"array([10.75723253, -3.64301709])"
421,MOTOR NEURONS,BODYWALL MUSCLES,vBWMR22,"array([11.4138556 , -4.18299216])"
422,MOTOR NEURONS,BODYWALL MUSCLES,vBWMR23,"array([11.09799121, -4.4713152 ])"
423,MOTOR NEURONS,BODYWALL MUSCLES,vBWMR24,"array([11.60621093, -4.8176867 ])"
424,MOTOR NEURONS,OTHER END ORGANS,CEPshDL,"array([ 0.56724657, -1.58540019])"
425,MOTOR NEURONS,OTHER END ORGANS,CEPshDR,"array([ 7.3041777 , -3.59172999])"
426,MOTOR NEURONS,OTHER END ORGANS,CEPshVL,"array([0.30251731, 1.10263959])"
427,MOTOR NEURONS,OTHER END ORGANS,CEPshVR,"array([ 7.6244395 , -7.31710234])"
428,MOTOR NEURONS,OTHER END ORGANS,GLRDL,"array([-0.50709088, -0.83117544])"
429,MOTOR NEURONS,OTHER END ORGANS,GLRDR,"array([ 5.25296576, -7.56489467])"
430,MOTOR NEURONS,OTHER END ORGANS,GLRL,"array([16.80764741,  0.12070137])"
431,MOTOR NEURONS,OTHER END ORGANS,GLRR,"array([ 1.49383895, -0.87850703])"
432,MOTOR NEURONS,OTHER END ORGANS,GLRVL,"array([ 6.37990176, -9.30071323])"
433,MOTOR NEURONS,OTHER END ORGANS,GLRVR,"array([5.83055512, 5.32904836])"
434,MOTOR NEURONS,OTHER END ORGANS,CANL,"array([ 7.92336858, -5.49529541])"
435,MOTOR NEURONS,OTHER END ORGANS,CANR,"array([ 7.74396089, -5.38993184])"
436,MOTOR NEURONS,OTHER END ORGANS,exc_cell,"array([ 7.91612452, -6.06738046])"
437,MOTOR NEURONS,OTHER END ORGANS,exc_gl,"array([4.00564295, 0.47310205])"
438,MOTOR NEURONS,OTHER END ORGANS,hmc,"array([4.48466372, 0.57007643])"
439,MOTOR NEURONS,OTHER END ORGANS,hyp,"array([ 8.07814194, -4.35115163])"
440,MOTOR NEURONS,OTHER END ORGANS,int,"array([ 1.47712078, -1.94900411])"
441,MOTOR NEURONS,OTHER END ORGANS,mu_intL,"array([12.00608536, -3.68358658])"
442,MOTOR NEURONS,OTHER END ORGANS,mu_intR,"array([12.94688489, -4.8581807 ])"
443,MOTOR NEURONS,OTHER END ORGANS,mu_anal,"array([10.78241634, -3.84591314])"
444,MOTOR NEURONS,OTHER END ORGANS,mu_sph,"array([12.05949731, -4.01348215])"
445,SEX-SPECIFIC CELLS,HEAD,CEMDL,"array([ 6.86147156, -7.93920971])"
446,SEX-SPECIFIC CELLS,HEAD,CEMDR,"array([ 5.83570446, -6.69655569])"
447,SEX-SPECIFIC CELLS,HEAD,CEMVL,"array([ 7.41192843, -7.72141494])"
448,SEX-SPECIFIC CELLS,HEAD,CEMVR,"array([ 7.40379241, -6.16348986])"
449,SEX-SPECIFIC CELLS,HEAD,MCML,"array([ 7.59470265, -8.51098687])"
450,SEX-SPECIFIC CELLS,HEAD,MCMR,"array([-0.15964937, -4.85875219])"
451,SEX-SPECIFIC CELLS,SENSORY NEURONS,R1AL,"array([ 8.99404774, -3.64806021])"
452,SEX-SPECIFIC CELLS,SENSORY NEURONS,R1AR,"array([10.13661232, -6.0879186 ])"
453,SEX-SPECIFIC CELLS,SENSORY NEURONS,R1BL,"array([ 9.9777216 , -3.81496371])"
454,SEX-SPECIFIC CELLS,SENSORY NEURONS,R1BR,"array([ 9.17201601, -5.32050436])"
455,SEX-SPECIFIC CELLS,SENSORY NEURONS,R2AL,"array([ 9.35118323, -3.98279295])"
456,SEX-SPECIFIC CELLS,SENSORY NEURONS,R2AR,"array([ 9.44987853, -5.34265102])"
457,SEX-SPECIFIC CELLS,SENSORY NEURONS,R2BL,"array([ 9.13542828, -3.4537892 ])"
458,SEX-SPECIFIC CELLS,SENSORY NEURONS,R2BR,"array([ 9.35323657, -4.60723279])"
459,SEX-SPECIFIC CELLS,SENSORY NEURONS,R3AL,"array([ 8.92411799, -3.30489513])"
460,SEX-SPECIFIC CELLS,SENSORY NEURONS,R3AR,"array([ 9.68789787, -6.03325946])"
461,SEX-SPECIFIC CELLS,SENSORY NEURONS,R3BL,"array([10.12873866, -4.37294475])"
462,SEX-SPECIFIC CELLS,SENSORY NEURONS,R3BR,"array([ 9.74087596, -4.77253792])"
463,SEX-SPECIFIC CELLS,SENSORY NEURONS,R4AL,"array([ 9.77745482, -4.27548764])"
464,SEX-SPECIFIC CELLS,SENSORY NEURONS,R4AR,"array([ 9.90419111, -5.26380993])"
465,SEX-SPECIFIC CELLS,SENSORY NEURONS,R4BL,"array([ 9.49769568, -3.62217601])"
466,SEX-SPECIFIC CELLS,SENSORY NEURONS,R4BR,"array([ 9.68641233, -5.59508222])"
467,SEX-SPECIFIC CELLS,SENSORY NEURONS,R5AL,"array([10.28689245, -4.53797983])"
468,SEX-SPECIFIC CELLS,SENSORY NEURONS,R5AR,"array([ 9.32239314, -4.96233701])"
469,SEX-SPECIFIC CELLS,SENSORY NEURONS,R5BL,"array([10.2118616 , -3.55709336])"
470,SEX-SPECIFIC CELLS,SENSORY NEURONS,R5BR,"array([ 9.01173036, -5.33191347])"
471,SEX-SPECIFIC CELLS,SENSORY NEURONS,R6AL,"array([10.06805185, -4.73066435])"
472,SEX-SPECIFIC CELLS,SENSORY NEURONS,R6AR,"array([ 9.71559053, -5.15037049])"
473,SEX-SPECIFIC CELLS,SENSORY NEURONS,R6BL,"array([10.19281419, -4.96496515])"
474,SEX-SPECIFIC CELLS,SENSORY NEURONS,R6BR,"array([ 9.19896071, -5.72179357])"
475,SEX-SPECIFIC CELLS,SENSORY NEURONS,R7AL,"array([ 9.96145815, -4.35159596])"
476,SEX-SPECIFIC CELLS,SENSORY NEURONS,R7AR,"array([ 9.81502945, -4.98140744])"
477,SEX-SPECIFIC CELLS,SENSORY NEURONS,R7BL,"array([ 9.71769293, -4.5843843 ])"
478,SEX-SPECIFIC CELLS,SENSORY NEURONS,R7BR,"array([ 9.47914858, -4.85271956])"
479,SEX-SPECIFIC CELLS,SENSORY NEURONS,R8AL,"array([ 9.22448106, -3.67513773])"
480,SEX-SPECIFIC CELLS,SENSORY NEURONS,R8AR,"array([ 8.88385752, -3.82578805])"
481,SEX-SPECIFIC CELLS,SENSORY NEURONS,R8BL,"array([ 9.02807925, -3.16566813])"
482,SEX-SPECIFIC CELLS,SENSORY NEURONS,R8BR,"array([ 9.07927583, -2.57693797])"
483,SEX-SPECIFIC CELLS,SENSORY NEURONS,R9AL,"array([ 9.74739165, -3.66478173])"
484,SEX-SPECIFIC CELLS,SENSORY NEURONS,R9AR,"array([10.16540854, -5.26665289])"
485,SEX-SPECIFIC CELLS,SENSORY NEURONS,R9BL,"array([10.03502507, -5.11145858])"
486,SEX-SPECIFIC CELLS,SENSORY NEURONS,R9BR,"array([10.43704525, -5.02060899])"
487,SEX-SPECIFIC CELLS,SENSORY NEURONS,PHDL,"array([ 9.48813447, -2.93626674])"
488,SEX-SPECIFIC CELLS,SENSORY NEURONS,PHDR,"array([ 9.31707465, -3.36754886])"
489,SEX-SPECIFIC CELLS,SENSORY NEURONS,HOA,"array([ 9.44934831, -4.35527045])"
490,SEX-SPECIFIC CELLS,SENSORY NEURONS,HOB,"array([ 9.19462705, -4.18607141])"
491,SEX-SPECIFIC CELLS,SENSORY NEURONS,PCAL,"array([ 9.88941692, -4.83115127])"
492,SEX-SPECIFIC CELLS,SENSORY NEURONS,PCAR,"array([ 9.62109319, -4.91659685])"
493,SEX-SPECIFIC CELLS,SENSORY NEURONS,PCBL,"array([ 9.67373282, -3.8843001 ])"
494,SEX-SPECIFIC CELLS,SENSORY NEURONS,PCBR,"array([ 9.54879264, -4.02998298])"
495,SEX-SPECIFIC CELLS,SENSORY NEURONS,PCCL,"array([ 9.49226283, -3.83566365])"
496,SEX-SPECIFIC CELLS,SENSORY NEURONS,PCCR,"array([ 9.21637456, -3.94653765])"
497,SEX-SPECIFIC CELLS,SENSORY NEURONS,SPCL,"array([ 9.76392723, -4.4297096 ])"
498,SEX-SPECIFIC CELLS,SENSORY NEURONS,SPCR,"array([ 9.33160419, -4.27652277])"
499,SEX-SPECIFIC CELLS,SENSORY NEURONS,SPDL,"array([ 9.60023073, -4.42741825])"
500,SEX-SPECIFIC CELLS,SENSORY NEURONS,SPDR,"array([ 9.35193165, -3.79781749])"
501,SEX-SPECIFIC CELLS,SENSORY NEURONS,SPVL,"array([ 8.93440677, -4.42250099])"
502,SEX-SPECIFIC CELLS,SENSORY NEURONS,SPVR,"array([ 9.11173369, -4.31819088])"
503,SEX-SPECIFIC CELLS,INTERNEURONS,PVV,"array([ 9.56305953, -4.32069814])"
504,SEX-SPECIFIC CELLS,INTERNEURONS,PVX,"array([ 8.60412567, -4.48277337])"
505,SEX-SPECIFIC CELLS,INTERNEURONS,PVY,"array([ 8.73039277, -4.18963029])"
506,SEX-SPECIFIC CELLS,INTERNEURONS,PVZ,"array([ 8.76377836, -4.04378567])"
507,SEX-SPECIFIC CELLS,INTERNEURONS,DVE,"array([ 9.02062513, -5.1094021 ])"
508,SEX-SPECIFIC CELLS,INTERNEURONS,DVF,"array([ 9.04934463, -4.46273113])"
509,SEX-SPECIFIC CELLS,INTERNEURONS,DX1,"array([10.75019369, -2.59010826])"
510,SEX-SPECIFIC CELLS,INTERNEURONS,DX2,"array([11.38938322, -2.35530853])"
511,SEX-SPECIFIC CELLS,INTERNEURONS,DX3,"array([ 9.8997251 , -3.44535172])"
512,SEX-SPECIFIC CELLS,INTERNEURONS,EF1,"array([ 9.14376525, -4.54629846])"
513,SEX-SPECIFIC CELLS,INTERNEURONS,EF2,"array([ 8.94400494, -4.57919691])"
514,SEX-SPECIFIC CELLS,INTERNEURONS,EF3,"array([ 8.91195826, -4.86091641])"
515,SEX-SPECIFIC CELLS,INTERNEURONS,PDC,"array([ 9.25336816, -5.16191473])"
516,SEX-SPECIFIC CELLS,INTERNEURONS,PGA,"array([10.34692134, -4.76553239])"
517,SEX-SPECIFIC CELLS,INTERNEURONS,CA01,"array([15.71452636, -7.80548689])"
518,SEX-SPECIFIC CELLS,INTERNEURONS,CA02,"array([ 9.35571608, -5.56388774])"
519,SEX-SPECIFIC CELLS,INTERNEURONS,CA03,"array([ 8.49025708, -5.05704751])"
520,SEX-SPECIFIC CELLS,INTERNEURONS,CA04,"array([ 9.58261784, -5.23727685])"
521,SEX-SPECIFIC CELLS,INTERNEURONS,CA05,"array([ 8.81619511, -4.3185385 ])"
522,SEX-SPECIFIC CELLS,INTERNEURONS,CA06,"array([ 8.97815178, -4.33118344])"
523,SEX-SPECIFIC CELLS,INTERNEURONS,CA07,"array([ 9.24456871, -4.38142467])"
524,SEX-SPECIFIC CELLS,INTERNEURONS,CA08,"array([ 8.42731129, -4.63221383])"
525,SEX-SPECIFIC CELLS,INTERNEURONS,CA09,"array([ 8.93498666, -4.70398218])"
526,SEX-SPECIFIC CELLS,INTERNEURONS,CP01,"array([ 9.32048716, -4.47317096])"
527,SEX-SPECIFIC CELLS,INTERNEURONS,CP02,"array([ 9.79914368, -3.98559301])"
528,SEX-SPECIFIC CELLS,INTERNEURONS,CP03,"array([ 9.4261252 , -4.15023507])"
529,SEX-SPECIFIC CELLS,INTERNEURONS,CP04,"array([ 9.03365594, -4.20312547])"
530,SEX-SPECIFIC CELLS,INTERNEURONS,CP05,"array([ 8.65417076, -4.31817075])"
531,SEX-SPECIFIC CELLS,INTERNEURONS,CP06,"array([ 9.22710712, -4.65382964])"
532,SEX-SPECIFIC CELLS,INTERNEURONS,CP07,"array([ 9.41192661, -4.71150154])"
533,SEX-SPECIFIC CELLS,INTERNEURONS,CP08,"array([ 9.8855579 , -4.63077855])"
534,SEX-SPECIFIC CELLS,INTERNEURONS,CP09,"array([ 9.56824373, -4.6838261 ])"
535,SEX-SPECIFIC CELLS,MUSCLES,dglL1,"array([11.07532773, -2.7517767 ])"
536,SEX-SPECIFIC CELLS,MUSCLES,dglL2,"array([11.15938206, -3.0129385 ])"
537,SEX-SPECIFIC CELLS,MUSCLES,dglL3,"array([11.49368579, -3.35104575])"
538,SEX-SPECIFIC CELLS,MUSCLES,dglL4,"array([11.90804044, -3.49654644])"
539,SEX-SPECIFIC CELLS,MUSCLES,dglL5,"array([12.47478695, -3.74614755])"
540,SEX-SPECIFIC CELLS,MUSCLES,dglL6,"array([12.26571957, -4.11413861])"
541,SEX-SPECIFIC CELLS,MUSCLES,dglL7,"array([12.06186856, -5.05376435])"
542,SEX-SPECIFIC CELLS,MUSCLES,dglR1,"array([11.38753734, -2.94491963])"
543,SEX-SPECIFIC CELLS,MUSCLES,dglR2,"array([11.02938178, -3.3574877 ])"
544,SEX-SPECIFIC CELLS,MUSCLES,dglR3,"array([11.2864934 , -3.92282032])"
545,SEX-SPECIFIC CELLS,MUSCLES,dglR4,"array([11.74298923, -4.37229946])"
546,SEX-SPECIFIC CELLS,MUSCLES,dglR5,"array([12.54728886, -4.62287335])"
547,SEX-SPECIFIC CELLS,MUSCLES,dglR6,"array([11.90370599, -4.54710044])"
548,SEX-SPECIFIC CELLS,MUSCLES,dglR7,"array([12.27375092, -4.7694352 ])"
549,SEX-SPECIFIC CELLS,MUSCLES,dglR8,"array([11.78120374, -5.30087001])"
550,SEX-SPECIFIC CELLS,MUSCLES,aobL,"array([12.03544306, -5.62287782])"
551,SEX-SPECIFIC CELLS,MUSCLES,aobR,"array([10.94093258, -5.26409213])"
552,SEX-SPECIFIC CELLS,MUSCLES,pobL,"array([11.62841345, -6.13082703])"
553,SEX-SPECIFIC CELLS,MUSCLES,pobR,"array([12.28147283, -6.26507611])"
554,SEX-SPECIFIC CELLS,MUSCLES,gecL,"array([11.57901263, -3.11598967])"
555,SEX-SPECIFIC CELLS,MUSCLES,gecR,"array([11.3224983 , -4.61465412])"
556,SEX-SPECIFIC CELLS,MUSCLES,grtL,"array([11.26436745, -5.42587728])"
557,SEX-SPECIFIC CELLS,MUSCLES,grtR,"array([11.7270491 , -5.80305237])"
558,SEX-SPECIFIC CELLS,MUSCLES,cdlL,"array([11.25684893, -3.35226851])"
559,SEX-SPECIFIC CELLS,MUSCLES,cdlR,"array([12.20378475, -5.25585198])"
560,SEX-SPECIFIC CELLS,MUSCLES,ailL,"array([11.84257021, -3.80003035])"
561,SEX-SPECIFIC CELLS,MUSCLES,ailR,"array([11.15083702, -4.23812611])"
562,SEX-SPECIFIC CELLS,MUSCLES,pilL,"array([12.29523089, -3.56331466])"
563,SEX-SPECIFIC CELLS,MUSCLES,pilR,"array([12.17163519, -4.42110467])"
564,SEX-SPECIFIC CELLS,MUSCLES,polL,"array([11.77999384, -3.25993894])"
565,SEX-SPECIFIC CELLS,MUSCLES,polR,"array([11.81962731, -4.80964881])"
566,SEX-SPECIFIC CELLS,MUSCLES,dspL,"array([10.51532185, -4.15064401])"
567,SEX-SPECIFIC CELLS,MUSCLES,dspR,"array([11.77632643, -4.15504118])"
568,SEX-SPECIFIC CELLS,MUSCLES,vspL,"array([11.50786842, -3.75238228])"
569,SEX-SPECIFIC CELLS,MUSCLES,vspR,"array([12.55223255, -4.18151279])"
570,SEX-SPECIFIC CELLS,MUSCLES,dsrL,"array([10.53102315, -2.38832739])"
571,SEX-SPECIFIC CELLS,MUSCLES,dsrR,"array([11.53286085, -1.8333231 ])"
572,SEX-SPECIFIC CELLS,MUSCLES,vsrL,"array([10.30126335, -2.44281919])"
573,SEX-SPECIFIC CELLS,MUSCLES,vsrR,"array([11.22930972, -1.71514282])"
574,SEX-SPECIFIC CELLS,OTHER,gonad,"array([15.3059241 ,  1.14973308])"
575,SEX-SPECIFIC CELLS,OTHER,R1shL,"array([ 7.47469394, -3.35880738])"
576,SEX-SPECIFIC CELLS,OTHER,R1shR,"array([ 8.62832845, -5.61187482])"
577,SEX-SPECIFIC CELLS,OTHER,R2shL,"array([ 8.84973452, -3.4820836 ])"
578,SEX-SPECIFIC CELLS,OTHER,R2shR,"array([ 9.30316566, -6.03353935])"
579,SEX-SPECIFIC CELLS,OTHER,R3shL,"array([ 8.57860523, -2.60212198])"
580,SEX-SPECIFIC CELLS,OTHER,R3shR,"array([ 8.87427784, -5.57526212])"
581,SEX-SPECIFIC CELLS,OTHER,R4shL,"array([ 7.7232722 , -3.25199131])"
582,SEX-SPECIFIC CELLS,OTHER,R5shL,"array([ 8.19714766, -3.07172657])"
583,SEX-SPECIFIC CELLS,OTHER,R5shR,"array([ 7.07978682, -3.71543948])"
584,SEX-SPECIFIC CELLS,OTHER,R7shR,"array([ 7.19269883, -3.40658583])"
585,SEX-SPECIFIC CELLS,OTHER,R8shR,"array([ 0.88349087, -4.19108658])"
